{"@context":["https://w3id.org/ro/crate/1.1/context","https://describo.github.io/type-definitions/context/1.0/context.jsonld"],"@graph":[{"@id":"ro-crate-metadata.json","@type":"CreativeWork","name":"ro-crate-metadata.json","conformsTo":{"@id":"https://w3id.org/ro/crate/1.1"},"about":{"@id":"./"},"@reverse":{}},{"@id":"./","@type":"Dataset","name":"Building measured data","license":{"@id":"https://creativecommons.org/publicdomain/zero/1.0/"},"author":{"@id":"https://orcid.org/0000-0001-8552-2008"},"description":"Data measured in simulation buildings","location":{"@id":"#KIT%20Building%20449"},"datePublished":"2024-12-01T23:00:00.000Z","hasPart":[{"@id":"iai_active_power_pv_202301.csv"},{"@id":"iai_active_power_pv_202302.csv"}],"@reverse":{"about":{"@id":"ro-crate-metadata.json"}}},{"@id":"https://creativecommons.org/publicdomain/zero/1.0/","@type":"CreativeWork","name":"https://creativecommons.org/publicdomain/zero/1.0/","@reverse":{"license":{"@id":"./"}}},{"@id":"https://orcid.org/0000-0001-8552-2008","@type":"Person","name":"https://orcid.org/0000-0001-8552-2008","@reverse":{"author":{"@id":"./"}}},{"@id":"#KIT%20Building%20449","@type":"Place","name":"KIT Building 449","@reverse":{"location":{"@id":"./"}}},{"@id":"iai_active_power_pv_202301.csv","@type":"File","name":"iai_active_power_pv_202301.csv","description":"active power","@reverse":{"hasPart":{"@id":"./"}}},{"@id":"iai_active_power_pv_202302.csv","@type":"File","name":"iai_active_power_pv_202302.csv","description":"active power","@reverse":{"hasPart":{"@id":"./"}}}]}
